Name,Id,Eye,Area
S1135R02.jpg,135,R,189
S1135R03.jpg,135,R,188
S1135R01.jpg,135,R,188
S1135R04.jpg,135,R,189
S1135R05.jpg,135,R,195
S1135R07.jpg,135,R,211
S1135R06.jpg,135,R,212
S1135L05.jpg,135,L,214
S1135L04.jpg,135,L,214
S1135L06.jpg,135,L,186
S1135L07.jpg,135,L,216
S1135L03.jpg,135,L,220
S1135L02.jpg,135,L,215
S1135L01.jpg,135,L,213
S1132R02.jpg,132,R,165
S1132R03.jpg,132,R,164
S1132R01.jpg,132,R,162
S1132R04.jpg,132,R,165
S1132R05.jpg,132,R,155
S1132R07.jpg,132,R,159
S1132R06.jpg,132,R,147
S1132L05.jpg,132,L,153
S1132L04.jpg,132,L,162
S1132L06.jpg,132,L,161
S1132L07.jpg,132,L,161
S1132L03.jpg,132,L,152
S1132L02.jpg,132,L,141
S1132L01.jpg,132,L,143
S1104R09.jpg,104,R,191
S1104R08.jpg,104,R,169
S1104R03.jpg,104,R,173
S1104R02.jpg,104,R,172
S1104R01.jpg,104,R,165
S1104R05.jpg,104,R,170
S1104R04.jpg,104,R,176
S1104R10.jpg,104,R,172
S1104R06.jpg,104,R,182
S1104R07.jpg,104,R,167
S1104L08.jpg,104,L,189
S1104L09.jpg,104,L,169
S1104L10.jpg,104,L,167
S1104L04.jpg,104,L,172
S1104L05.jpg,104,L,196
S1104L07.jpg,104,L,187
S1104L06.jpg,104,L,176
S1104L02.jpg,104,L,193
S1104L03.jpg,104,L,173
S1104L01.jpg,104,L,180
S1103R03.jpg,103,R,221
S1103R02.jpg,103,R,214
S1103R01.jpg,103,R,218
S1103R05.jpg,103,R,216
S1103R04.jpg,103,R,217
S1103R06.jpg,103,R,231
S1103R07.jpg,103,R,224
S1103L04.jpg,103,L,220
S1103L05.jpg,103,L,223
S1103L07.jpg,103,L,217
S1103L06.jpg,103,L,219
S1103L02.jpg,103,L,222
S1103L03.jpg,103,L,219
S1103L01.jpg,103,L,220
S1168R04.jpg,168,R,163
S1168R10.jpg,168,R,161
S1168R05.jpg,168,R,169
S1168R07.jpg,168,R,162
S1168R06.jpg,168,R,162
S1168R02.jpg,168,R,168
S1168R03.jpg,168,R,164
S1168R01.jpg,168,R,159
S1168R08.jpg,168,R,174
S1168R09.jpg,168,R,178
S1168L03.jpg,168,L,169
S1168L02.jpg,168,L,163
S1168L01.jpg,168,L,173
S1168L05.jpg,168,L,166
S1168L10.jpg,168,L,174
S1168L04.jpg,168,L,157
S1168L06.jpg,168,L,169
S1168L07.jpg,168,L,173
S1168L09.jpg,168,L,179
S1168L08.jpg,168,L,175
S1157R09.jpg,157,R,181
S1157R08.jpg,157,R,181
S1157R01.jpg,157,R,176
S1157R03.jpg,157,R,186
S1157R02.jpg,157,R,165
S1157R06.jpg,157,R,176
S1157R07.jpg,157,R,179
S1157R05.jpg,157,R,174
S1157R04.jpg,157,R,176
S1157R10.jpg,157,R,177
S1150L04.jpg,150,L,183
S1150L05.jpg,150,L,183
S1150L01.jpg,150,L,153
S1150L02.jpg,150,L,163
S1150L03.jpg,150,L,180
S1159R09.jpg,159,R,177
S1159R08.jpg,159,R,147
S1159R05.jpg,159,R,173
S1159R04.jpg,159,R,173
S1159R06.jpg,159,R,205
S1159R07.jpg,159,R,161
S1159R03.jpg,159,R,144
S1159R02.jpg,159,R,150
S1159R01.jpg,159,R,150
S1159L08.jpg,159,L,157
S1159L09.jpg,159,L,157
S1159L02.jpg,159,L,175
S1159L03.jpg,159,L,166
S1159L01.jpg,159,L,184
S1159L04.jpg,159,L,161
S1159L10.jpg,159,L,162
S1159L05.jpg,159,L,154
S1159L07.jpg,159,L,158
S1159L06.jpg,159,L,157
S1166R01.jpg,166,R,167
S1166R02.jpg,166,R,178
S1166R03.jpg,166,R,171
S1166R06.jpg,166,R,174
S1166R04.jpg,166,R,178
S1166R05.jpg,166,R,185
S1166L06.jpg,166,L,183
S1166L07.jpg,166,L,179
S1166L05.jpg,166,L,162
S1166L04.jpg,166,L,175
S1166L01.jpg,166,L,174
S1166L03.jpg,166,L,163
S1166L02.jpg,166,L,146
S1192R02.jpg,192,R,190
S1192R03.jpg,192,R,178
S1192R01.jpg,192,R,189
S1192R04.jpg,192,R,185
S1192R05.jpg,192,R,192
S1192R06.jpg,192,R,181
S1192L01.jpg,192,L,186
S1195R02.jpg,195,R,138
S1195R03.jpg,195,R,160
S1195R01.jpg,195,R,171
S1195R04.jpg,195,R,164
S1195R05.jpg,195,R,171
S1161R08.jpg,161,R,165
S1161R09.jpg,161,R,163
S1161R01.jpg,161,R,164
S1161R02.jpg,161,R,163
S1161R03.jpg,161,R,151
S1161R07.jpg,161,R,152
S1161R06.jpg,161,R,163
S1161R04.jpg,161,R,159
S1161R10.jpg,161,R,173
S1161R05.jpg,161,R,157
S1161L09.jpg,161,L,179
S1161L08.jpg,161,L,164
S1161L06.jpg,161,L,164
S1161L07.jpg,161,L,180
S1161L05.jpg,161,L,166
S1161L10.jpg,161,L,183
S1161L04.jpg,161,L,163
S1161L01.jpg,161,L,157
S1161L03.jpg,161,L,167
S1161L02.jpg,161,L,161
S1102R01.jpg,102,R,192
S1102R02.jpg,102,R,191
S1102R03.jpg,102,R,190
S1102R07.jpg,102,R,187
S1102R06.jpg,102,R,188
S1102R04.jpg,102,R,195
S1102R05.jpg,102,R,182
S1102L06.jpg,102,L,184
S1102L07.jpg,102,L,177
S1102L05.jpg,102,L,181
S1102L04.jpg,102,L,190
S1102L01.jpg,102,L,198
S1102L03.jpg,102,L,189
S1102L02.jpg,102,L,188
S1105R01.jpg,105,R,173
S1105R02.jpg,105,R,169
S1105R03.jpg,105,R,169
S1105R07.jpg,105,R,171
S1105R06.jpg,105,R,167
S1105R04.jpg,105,R,170
S1105R05.jpg,105,R,165
S1105L06.jpg,105,L,157
S1105L07.jpg,105,L,155
S1105L05.jpg,105,L,156
S1105L04.jpg,105,L,160
S1105L01.jpg,105,L,159
S1105L03.jpg,105,L,160
S1105L02.jpg,105,L,154
S1133R01.jpg,133,R,173
S1133R03.jpg,133,R,178
S1133R02.jpg,133,R,173
S1133R06.jpg,133,R,188
S1133R07.jpg,133,R,190
S1133R05.jpg,133,R,180
S1133R04.jpg,133,R,177
S1133L06.jpg,133,L,134
S1133L04.jpg,133,L,157
S1133L05.jpg,133,L,153
S1133L01.jpg,133,L,161
S1133L02.jpg,133,L,146
S1133L03.jpg,133,L,169
S1134R01.jpg,134,R,199
S1134R03.jpg,134,R,178
S1134R02.jpg,134,R,171
S1134R06.jpg,134,R,190
S1134R07.jpg,134,R,193
S1134R05.jpg,134,R,192
S1134R04.jpg,134,R,179
S1134L07.jpg,134,L,186
S1134L06.jpg,134,L,194
S1134L04.jpg,134,L,180
S1134L05.jpg,134,L,199
S1134L01.jpg,134,L,192
S1134L02.jpg,134,L,187
S1134L03.jpg,134,L,193
S1160R03.jpg,160,R,198
S1160R02.jpg,160,R,197
S1160R01.jpg,160,R,191
S1160R05.jpg,160,R,200
S1160R04.jpg,160,R,194
S1160R06.jpg,160,R,206
S1160R07.jpg,160,R,204
S1160L04.jpg,160,L,190
S1160L10.jpg,160,L,204
S1160L05.jpg,160,L,185
S1160L07.jpg,160,L,206
S1160L06.jpg,160,L,182
S1160L02.jpg,160,L,205
S1160L03.jpg,160,L,182
S1160L01.jpg,160,L,187
S1160L08.jpg,160,L,205
S1160L09.jpg,160,L,203
S1194R01.jpg,194,R,161
S1194R03.jpg,194,R,154
S1194R02.jpg,194,R,164
S1194R05.jpg,194,R,166
S1194R04.jpg,194,R,155
S1158R04.jpg,158,R,204
S1158R05.jpg,158,R,198
S1158R01.jpg,158,R,188
S1158R02.jpg,158,R,199
S1158R03.jpg,158,R,197
S1193L04.jpg,193,L,171
S1193L05.jpg,193,L,173
S1193L01.jpg,193,L,181
S1193L02.jpg,193,L,169
S1193L03.jpg,193,L,167
S1167R09.jpg,167,R,160
S1167R08.jpg,167,R,157
S1167R03.jpg,167,R,157
S1167R02.jpg,167,R,161
S1167R01.jpg,167,R,158
S1167R05.jpg,167,R,168
S1167R04.jpg,167,R,167
S1167R10.jpg,167,R,162
S1167R06.jpg,167,R,156
S1167R07.jpg,167,R,166
S1167L08.jpg,167,L,160
S1167L09.jpg,167,L,153
S1167L10.jpg,167,L,141
S1167L04.jpg,167,L,157
S1167L05.jpg,167,L,158
S1167L07.jpg,167,L,143
S1167L06.jpg,167,L,165
S1167L02.jpg,167,L,139
S1167L03.jpg,167,L,159
S1167L01.jpg,167,L,154
S1151L01.jpg,151,L,141
S1169R09.jpg,169,R,190
S1169R08.jpg,169,R,192
S1169R06.jpg,169,R,180
S1169R07.jpg,169,R,190
S1169R05.jpg,169,R,192
S1169R10.jpg,169,R,180
S1169R04.jpg,169,R,191
S1169R01.jpg,169,R,185
S1169R03.jpg,169,R,182
S1169R02.jpg,169,R,186
S1169L08.jpg,169,L,183
S1169L09.jpg,169,L,181
S1169L01.jpg,169,L,175
S1169L02.jpg,169,L,173
S1169L03.jpg,169,L,196
S1169L07.jpg,169,L,180
S1169L06.jpg,169,L,187
S1169L04.jpg,169,L,189
S1169L10.jpg,169,L,183
S1169L05.jpg,169,L,185
S1156R02.jpg,156,R,167
S1156R03.jpg,156,R,167
S1156R01.jpg,156,R,158
S1156R04.jpg,156,R,163
S1156R05.jpg,156,R,173
S1156R06.jpg,156,R,173
S1156L05.jpg,156,L,160
S1156L04.jpg,156,L,163
S1156L06.jpg,156,L,161
S1156L07.jpg,156,L,187
S1156L03.jpg,156,L,155
S1156L02.jpg,156,L,169
S1156L01.jpg,156,L,159
S1156L09.jpg,156,L,179
S1156L08.jpg,156,L,182
S1024R02.jpg,024,R,147
S1024R01.jpg,024,R,171
S1216L01.jpg,216,L,122
S1229R08.jpg,229,R,170
S1229R09.jpg,229,R,148
S1229R02.jpg,229,R,163
S1229R03.jpg,229,R,146
S1229R01.jpg,229,R,156
S1229R04.jpg,229,R,157
S1229R05.jpg,229,R,159
S1229R07.jpg,229,R,153
S1229R06.jpg,229,R,138
S1229L09.jpg,229,L,190
S1229L08.jpg,229,L,168
S1229L05.jpg,229,L,172
S1229L04.jpg,229,L,182
S1229L10.jpg,229,L,136
S1229L06.jpg,229,L,136
S1229L07.jpg,229,L,157
S1229L03.jpg,229,L,144
S1229L02.jpg,229,L,150
S1229L01.jpg,229,L,130
S1211R01.jpg,211,R,168
S1211R02.jpg,211,R,193
S1211L08.jpg,211,L,145
S1211L09.jpg,211,L,160
S1211L15.jpg,211,L,168
S1211L01.jpg,211,L,146
S1211L14.jpg,211,L,160
S1211L02.jpg,211,L,186
S1211L03.jpg,211,L,144
S1211L07.jpg,211,L,187
S1211L13.jpg,211,L,168
S1211L12.jpg,211,L,168
S1211L06.jpg,211,L,178
S1211L10.jpg,211,L,122
S1211L04.jpg,211,L,176
S1211L05.jpg,211,L,187
S1211L11.jpg,211,L,151
S1023R05.jpg,023,R,137
S1023R04.jpg,023,R,138
S1023R03.jpg,023,R,138
S1023R02.jpg,023,R,146
S1023R01.jpg,023,R,162
S1227R01.jpg,227,R,155
S1227L01.jpg,227,L,170
S1227L03.jpg,227,L,168
S1227L02.jpg,227,L,155
S1227L05.jpg,227,L,159
S1227L04.jpg,227,L,168
S1015R04.jpg,015,R,185
S1015R05.jpg,015,R,185
S1015R02.jpg,015,R,195
S1015R03.jpg,015,R,185
S1015R01.jpg,015,R,179
S1218R03.jpg,218,R,159
S1218R02.jpg,218,R,143
S1218R14.jpg,218,R,165
S1218R01.jpg,218,R,156
S1218R15.jpg,218,R,172
S1218R11.jpg,218,R,163
S1218R05.jpg,218,R,166
S1218R04.jpg,218,R,164
S1218R10.jpg,218,R,176
S1218R06.jpg,218,R,162
S1218R12.jpg,218,R,164
S1218R13.jpg,218,R,162
S1218R07.jpg,218,R,198
S1218R09.jpg,218,R,164
S1218R08.jpg,218,R,152
S1218L02.jpg,218,L,161
S1218L03.jpg,218,L,146
S1218L01.jpg,218,L,165
S1012R04.jpg,012,R,157
S1012R05.jpg,012,R,159
S1012R06.jpg,012,R,174
S1012R02.jpg,012,R,163
S1012R03.jpg,012,R,167
S1012R01.jpg,012,R,172
S1220L01.jpg,220,L,182
S1220L03.jpg,220,L,177
S1220L02.jpg,220,L,178
S1220L06.jpg,220,L,153
S1220L05.jpg,220,L,170
S1220L04.jpg,220,L,173
S1079R03.jpg,079,R,180
S1079R02.jpg,079,R,189
S1079R01.jpg,079,R,187
S1079R05.jpg,079,R,198
S1079R04.jpg,079,R,182
S1079R06.jpg,079,R,194
S1079R07.jpg,079,R,205
S1079L04.jpg,079,L,204
S1079L05.jpg,079,L,186
S1079L07.jpg,079,L,199
S1079L06.jpg,079,L,200
S1079L02.jpg,079,L,200
S1079L03.jpg,079,L,169
S1079L01.jpg,079,L,187
S1046R04.jpg,046,R,176
S1046R01.jpg,046,R,176
S1046R02.jpg,046,R,171
S1046R03.jpg,046,R,161
S1041L01.jpg,041,L,173
S1041L03.jpg,041,L,171
S1041L02.jpg,041,L,175
S1041L05.jpg,041,L,169
S1041L04.jpg,041,L,171
S1048R02.jpg,048,R,154
S1048R03.jpg,048,R,159
S1048R01.jpg,048,R,116
S1048R04.jpg,048,R,160
S1048R05.jpg,048,R,154
S1048R06.jpg,048,R,137
S1077R06.jpg,077,R,206
S1077R07.jpg,077,R,209
S1077R05.jpg,077,R,205
S1077R04.jpg,077,R,205
S1077R01.jpg,077,R,189
S1077R03.jpg,077,R,212
S1077R02.jpg,077,R,208
S1245R04.jpg,245,R,128
S1245R03.jpg,245,R,155
S1245R02.jpg,245,R,161
S1245R01.jpg,245,R,177
S1083R05.jpg,083,R,174
S1083R04.jpg,083,R,182
S1083R06.jpg,083,R,179
S1083R07.jpg,083,R,185
S1083R03.jpg,083,R,184
S1083R02.jpg,083,R,179
S1083R01.jpg,083,R,185
S1083L02.jpg,083,L,190
S1083L03.jpg,083,L,173
S1083L01.jpg,083,L,164
S1083L04.jpg,083,L,184
S1083L05.jpg,083,L,182
S1083L07.jpg,083,L,172
S1083L06.jpg,083,L,167
S1084R05.jpg,084,R,179
S1084R04.jpg,084,R,196
S1084R06.jpg,084,R,175
S1084R07.jpg,084,R,174
S1084R03.jpg,084,R,155
S1084R02.jpg,084,R,151
S1084R01.jpg,084,R,179
S1084L02.jpg,084,L,199
S1084L03.jpg,084,L,182
S1084L01.jpg,084,L,204
S1084L04.jpg,084,L,184
S1084L05.jpg,084,L,189
S1084L07.jpg,084,L,190
S1084L06.jpg,084,L,191
S1242L02.jpg,242,L,185
S1242L03.jpg,242,L,177
S1242L01.jpg,242,L,186
S1070R06.jpg,070,R,154
S1070R05.jpg,070,R,167
S1070R04.jpg,070,R,170
S1070R01.jpg,070,R,169
S1070R03.jpg,070,R,171
S1070R02.jpg,070,R,178
S1070L01.jpg,070,L,161
S1070L02.jpg,070,L,166
S1070L03.jpg,070,L,162
S1070L07.jpg,070,L,173
S1070L06.jpg,070,L,167
S1070L04.jpg,070,L,189
S1070L05.jpg,070,L,174
S1221R05.jpg,221,R,143
S1221R04.jpg,221,R,154
S1221R06.jpg,221,R,160
S1221R03.jpg,221,R,134
S1221R02.jpg,221,R,158
S1221R01.jpg,221,R,154
S1221L01.jpg,221,L,143
S1013L01.jpg,013,L,138
S1013L02.jpg,013,L,136
S1013L03.jpg,013,L,141
S1013L07.jpg,013,L,134
S1013L06.jpg,013,L,136
S1013L04.jpg,013,L,141
S1013L05.jpg,013,L,143
S1014L01.jpg,014,L,159
S1014L02.jpg,014,L,173
S1014L03.jpg,014,L,159
S1014L07.jpg,014,L,170
S1014L06.jpg,014,L,167
S1014L04.jpg,014,L,170
S1014L05.jpg,014,L,154
S1226R05.jpg,226,R,176
S1226R04.jpg,226,R,173
S1226R06.jpg,226,R,189
S1226R07.jpg,226,R,187
S1226R03.jpg,226,R,177
S1226R02.jpg,226,R,174
S1226R01.jpg,226,R,172
S1219R08.jpg,219,R,158
S1219R09.jpg,219,R,154
S1219R01.jpg,219,R,154
S1219R02.jpg,219,R,141
S1219R03.jpg,219,R,154
S1219R07.jpg,219,R,165
S1219R06.jpg,219,R,166
S1219R04.jpg,219,R,162
S1219R05.jpg,219,R,162
S1219L09.jpg,219,L,155
S1219L08.jpg,219,L,151
S1219L06.jpg,219,L,160
S1219L07.jpg,219,L,163
S1219L05.jpg,219,L,171
S1219L04.jpg,219,L,140
S1219L10.jpg,219,L,152
S1219L01.jpg,219,L,163
S1219L03.jpg,219,L,161
S1219L02.jpg,219,L,148
S1022L01.jpg,022,L,141
S1022L03.jpg,022,L,148
S1022L02.jpg,022,L,140
S1022L05.jpg,022,L,138
S1022L04.jpg,022,L,157
S1210L03.jpg,210,L,188
S1210L02.jpg,210,L,194
S1210L01.jpg,210,L,188
S1210L05.jpg,210,L,182
S1210L04.jpg,210,L,196
S1210L06.jpg,210,L,175
S1210L07.jpg,210,L,178
S1217L03.jpg,217,L,168
S1217L02.jpg,217,L,163
S1217L01.jpg,217,L,166
S1217L04.jpg,217,L,167
S1025L01.jpg,025,L,207
S1025L03.jpg,025,L,203
S1025L02.jpg,025,L,199
S1025L05.jpg,025,L,205
S1025L04.jpg,025,L,199
S1228R01.jpg,228,R,192
S1228L07.jpg,228,L,153
S1228L06.jpg,228,L,161
S1228L04.jpg,228,L,159
S1228L05.jpg,228,L,171
S1228L01.jpg,228,L,166
S1228L02.jpg,228,L,159
S1228L03.jpg,228,L,143
S1071R04.jpg,071,R,169
S1071R05.jpg,071,R,178
S1071R07.jpg,071,R,171
S1071R06.jpg,071,R,190
S1071R02.jpg,071,R,180
S1071R03.jpg,071,R,185
S1071R01.jpg,071,R,175
S1071L03.jpg,071,L,181
S1071L02.jpg,071,L,185
S1071L01.jpg,071,L,183
S1071L05.jpg,071,L,180
S1071L04.jpg,071,L,184
S1071L06.jpg,071,L,184
S1071L07.jpg,071,L,179
S1243R01.jpg,243,R,150
S1243R02.jpg,243,R,151
S1085R07.jpg,085,R,178
S1085R06.jpg,085,R,202
S1085R04.jpg,085,R,209
S1085R05.jpg,085,R,195
S1085R01.jpg,085,R,200
S1085R02.jpg,085,R,207
S1085R03.jpg,085,R,191
S1085L01.jpg,085,L,210
S1085L03.jpg,085,L,199
S1085L02.jpg,085,L,171
S1085L06.jpg,085,L,209
S1085L07.jpg,085,L,198
S1085L05.jpg,085,L,193
S1085L04.jpg,085,L,207
S1049L04.jpg,049,L,161
S1049L05.jpg,049,L,155
S1049L01.jpg,049,L,176
S1049L02.jpg,049,L,174
S1049L03.jpg,049,L,169
S1082R07.jpg,082,R,167
S1082R06.jpg,082,R,163
S1082R04.jpg,082,R,160
S1082R05.jpg,082,R,162
S1082R01.jpg,082,R,149
S1082R02.jpg,082,R,172
S1082R03.jpg,082,R,178
S1082L01.jpg,082,L,154
S1082L03.jpg,082,L,146
S1082L02.jpg,082,L,156
S1082L06.jpg,082,L,145
S1082L07.jpg,082,L,168
S1082L05.jpg,082,L,164
S1082L04.jpg,082,L,158
S1244L01.jpg,244,L,159
S1244L03.jpg,244,L,167
S1244L02.jpg,244,L,163
S1244L06.jpg,244,L,157
S1244L05.jpg,244,L,154
S1244L04.jpg,244,L,164
S1076R04.jpg,076,R,200
S1076R05.jpg,076,R,194
S1076R07.jpg,076,R,187
S1076R06.jpg,076,R,200
S1076R02.jpg,076,R,200
S1076R03.jpg,076,R,185
S1076R01.jpg,076,R,165
S1076L03.jpg,076,L,194
S1076L02.jpg,076,L,200
S1076L01.jpg,076,L,189
S1076L05.jpg,076,L,192
S1076L04.jpg,076,L,184
S1076L06.jpg,076,L,203
S1076L07.jpg,076,L,217
S1040L02.jpg,040,L,188
S1040L03.jpg,040,L,163
S1040L01.jpg,040,L,163
S1040L04.jpg,040,L,189
S1040L05.jpg,040,L,165
S1078R01.jpg,078,R,196
S1078R02.jpg,078,R,192
S1078R03.jpg,078,R,184
S1078R07.jpg,078,R,193
S1078R06.jpg,078,R,194
S1078R04.jpg,078,R,187
S1078R05.jpg,078,R,186
S1078L06.jpg,078,L,194
S1078L07.jpg,078,L,191
S1078L05.jpg,078,L,188
S1078L04.jpg,078,L,195
S1078L01.jpg,078,L,189
S1078L03.jpg,078,L,183
S1078L02.jpg,078,L,176
S1047R01.jpg,047,R,148
S1047L02.jpg,047,L,157
S1047L03.jpg,047,L,147
S1047L01.jpg,047,L,161
S1047L04.jpg,047,L,152
S1047L05.jpg,047,L,145
S1047L06.jpg,047,L,155
S1065R06.jpg,065,R,169
S1065R07.jpg,065,R,164
S1065R05.jpg,065,R,158
S1065R04.jpg,065,R,166
S1065R01.jpg,065,R,176
S1065R03.jpg,065,R,168
S1065R02.jpg,065,R,168
S1065L01.jpg,065,L,170
S1065L02.jpg,065,L,162
S1065L03.jpg,065,L,159
S1065L07.jpg,065,L,153
S1065L06.jpg,065,L,156
S1065L04.jpg,065,L,160
S1065L05.jpg,065,L,163
S1091R05.jpg,091,R,181
S1091R04.jpg,091,R,182
S1091R06.jpg,091,R,185
S1091R03.jpg,091,R,186
S1091R02.jpg,091,R,166
S1091R01.jpg,091,R,182
S1091L02.jpg,091,L,174
S1091L03.jpg,091,L,172
S1091L01.jpg,091,L,178
S1096R05.jpg,096,R,179
S1096R04.jpg,096,R,179
S1096R06.jpg,096,R,189
S1096R07.jpg,096,R,188
S1096R03.jpg,096,R,182
S1096R02.jpg,096,R,185
S1096R01.jpg,096,R,192
S1096L02.jpg,096,L,186
S1096L03.jpg,096,L,184
S1096L01.jpg,096,L,178
S1096L04.jpg,096,L,188
S1096L05.jpg,096,L,178
S1096L07.jpg,096,L,182
S1096L06.jpg,096,L,186
S1062R05.jpg,062,R,189
S1062R04.jpg,062,R,180
S1062R01.jpg,062,R,185
S1062R03.jpg,062,R,192
S1062R02.jpg,062,R,194
S1054L01.jpg,054,L,135
S1054L03.jpg,054,L,129
S1054L02.jpg,054,L,152
S1054L04.jpg,054,L,133
S1053R08.jpg,053,R,187
S1053R09.jpg,053,R,195
S1053R07.jpg,053,R,196
S1053R06.jpg,053,R,193
S1053R10.jpg,053,R,188
S1053R04.jpg,053,R,172
S1053R05.jpg,053,R,196
S1053R01.jpg,053,R,188
S1053R02.jpg,053,R,191
S1053R03.jpg,053,R,193
S1053L09.jpg,053,L,199
S1053L08.jpg,053,L,199
S1053L01.jpg,053,L,199
S1053L03.jpg,053,L,207
S1053L02.jpg,053,L,196
S1053L06.jpg,053,L,197
S1053L12.jpg,053,L,193
S1053L13.jpg,053,L,195
S1053L07.jpg,053,L,198
S1053L11.jpg,053,L,201
S1053L05.jpg,053,L,189
S1053L04.jpg,053,L,198
S1053L10.jpg,053,L,202
S1098R01.jpg,098,R,198
S1098R03.jpg,098,R,183
S1098R02.jpg,098,R,185
S1098R06.jpg,098,R,192
S1098R05.jpg,098,R,206
S1098R04.jpg,098,R,189
S1098L07.jpg,098,L,196
S1098L06.jpg,098,L,205
S1098L04.jpg,098,L,206
S1098L05.jpg,098,L,197
S1098L01.jpg,098,L,192
S1098L02.jpg,098,L,191
S1098L03.jpg,098,L,199
S1038L04.jpg,038,L,185
S1038L01.jpg,038,L,177
S1038L02.jpg,038,L,190
S1038L03.jpg,038,L,178
S1007R04.jpg,007,R,199
S1007R10.jpg,007,R,181
S1007R05.jpg,007,R,182
S1007R07.jpg,007,R,209
S1007R06.jpg,007,R,204
S1007R02.jpg,007,R,190
S1007R03.jpg,007,R,194
S1007R01.jpg,007,R,202
S1007R08.jpg,007,R,181
S1007R09.jpg,007,R,192
S1007L03.jpg,007,L,144
S1007L02.jpg,007,L,167
S1007L01.jpg,007,L,167
S1007L05.jpg,007,L,139
S1007L10.jpg,007,L,160
S1007L04.jpg,007,L,151
S1007L06.jpg,007,L,152
S1007L07.jpg,007,L,149
S1007L09.jpg,007,L,159
S1007L08.jpg,007,L,141
S1235R04.jpg,235,R,177
S1235R01.jpg,235,R,178
S1235R02.jpg,235,R,182
S1235R03.jpg,235,R,179
S1232L01.jpg,232,L,155
S1232L03.jpg,232,L,153
S1232L02.jpg,232,L,161
S1009R01.jpg,009,R,148
S1009R02.jpg,009,R,154
S1009R03.jpg,009,R,135
S1009R07.jpg,009,R,142
S1009R06.jpg,009,R,136
S1009R04.jpg,009,R,159
S1009R05.jpg,009,R,147
S1009R08.jpg,009,R,157
S1009L01.jpg,009,L,153
S1204L01.jpg,204,L,190
S1204L02.jpg,204,L,192
S1036R09.jpg,036,R,185
S1036R08.jpg,036,R,180
S1036R05.jpg,036,R,193
S1036R10.jpg,036,R,193
S1036R04.jpg,036,R,180
S1036R06.jpg,036,R,170
S1036R07.jpg,036,R,192
S1036R03.jpg,036,R,179
S1036R02.jpg,036,R,192
S1036R01.jpg,036,R,158
S1036L08.jpg,036,L,187
S1036L09.jpg,036,L,184
S1036L02.jpg,036,L,171
S1036L03.jpg,036,L,178
S1036L01.jpg,036,L,174
S1036L04.jpg,036,L,194
S1036L10.jpg,036,L,166
S1036L05.jpg,036,L,182
S1036L07.jpg,036,L,152
S1036L06.jpg,036,L,177
S1031L02.jpg,031,L,146
S1031L01.jpg,031,L,145
S1203R01.jpg,203,R,181
S1203L01.jpg,203,L,168
S1203L02.jpg,203,L,175
S1203L03.jpg,203,L,178
S1203L04.jpg,203,L,195
S1203L05.jpg,203,L,181
S1052L02.jpg,052,L,160
S1052L03.jpg,052,L,168
S1052L01.jpg,052,L,168
S1052L04.jpg,052,L,171
S1052L05.jpg,052,L,169
S1099R02.jpg,099,R,190
S1099R03.jpg,099,R,190
S1099R01.jpg,099,R,178
S1099R04.jpg,099,R,186
S1099R05.jpg,099,R,175
S1099R07.jpg,099,R,169
S1099R06.jpg,099,R,169
S1099L04.jpg,099,L,159
S1099L03.jpg,099,L,154
S1099L02.jpg,099,L,160
S1099L01.jpg,099,L,170
S1055L02.jpg,055,L,170
S1055L03.jpg,055,L,164
S1055L01.jpg,055,L,150
S1055L04.jpg,055,L,171
S1055L05.jpg,055,L,164
S1063R04.jpg,063,R,196
S1063R05.jpg,063,R,195
S1063R07.jpg,063,R,187
S1063R06.jpg,063,R,182
S1063R02.jpg,063,R,177
S1063R03.jpg,063,R,183
S1063R01.jpg,063,R,180
S1063L03.jpg,063,L,188
S1063L02.jpg,063,L,178
S1063L01.jpg,063,L,194
S1063L05.jpg,063,L,188
S1063L04.jpg,063,L,187
S1063L06.jpg,063,L,194
S1097R07.jpg,097,R,193
S1097R06.jpg,097,R,190
S1097R04.jpg,097,R,179
S1097R05.jpg,097,R,175
S1097R01.jpg,097,R,172
S1097R02.jpg,097,R,176
S1097R03.jpg,097,R,176
S1097L01.jpg,097,L,193
S1097L03.jpg,097,L,202
S1097L02.jpg,097,L,200
S1097L06.jpg,097,L,209
S1097L07.jpg,097,L,201
S1097L05.jpg,097,L,204
S1097L04.jpg,097,L,205
S1090R07.jpg,090,R,181
S1090R06.jpg,090,R,182
S1090R04.jpg,090,R,173
S1090R05.jpg,090,R,177
S1090R01.jpg,090,R,184
S1090R02.jpg,090,R,183
S1090R03.jpg,090,R,188
S1090L01.jpg,090,L,187
S1090L03.jpg,090,L,184
S1090L02.jpg,090,L,172
S1090L06.jpg,090,L,180
S1090L07.jpg,090,L,185
S1090L05.jpg,090,L,184
S1090L04.jpg,090,L,176
S1064R04.jpg,064,R,171
S1064R05.jpg,064,R,182
S1064R07.jpg,064,R,156
S1064R06.jpg,064,R,168
S1064R02.jpg,064,R,181
S1064R03.jpg,064,R,175
S1064R01.jpg,064,R,177
S1064L03.jpg,064,L,176
S1064L02.jpg,064,L,169
S1064L01.jpg,064,L,160
S1064L05.jpg,064,L,167
S1064L04.jpg,064,L,154
S1064L06.jpg,064,L,171
S1064L07.jpg,064,L,157
S1202R04.jpg,202,R,194
S1202R05.jpg,202,R,164
S1202R02.jpg,202,R,150
S1202R03.jpg,202,R,173
S1202R01.jpg,202,R,182
S1202L01.jpg,202,L,204
S1030R08.jpg,030,R,207
S1030R09.jpg,030,R,184
S1030R07.jpg,030,R,203
S1030R06.jpg,030,R,208
S1030R10.jpg,030,R,186
S1030R04.jpg,030,R,204
S1030R05.jpg,030,R,212
S1030R01.jpg,030,R,201
S1030R02.jpg,030,R,181
S1030R03.jpg,030,R,202
S1030L09.jpg,030,L,187
S1030L08.jpg,030,L,156
S1030L01.jpg,030,L,158
S1030L03.jpg,030,L,177
S1030L02.jpg,030,L,188
S1030L06.jpg,030,L,175
S1030L07.jpg,030,L,175
S1030L05.jpg,030,L,171
S1030L04.jpg,030,L,170
S1030L10.jpg,030,L,200
S1008R08.jpg,008,R,171
S1008R03.jpg,008,R,161
S1008R02.jpg,008,R,186
S1008R01.jpg,008,R,166
S1008R05.jpg,008,R,178
S1008R04.jpg,008,R,174
S1008R06.jpg,008,R,166
S1008R07.jpg,008,R,174
S1008L08.jpg,008,L,186
S1008L09.jpg,008,L,199
S1008L10.jpg,008,L,207
S1008L04.jpg,008,L,154
S1008L05.jpg,008,L,151
S1008L11.jpg,008,L,164
S1008L07.jpg,008,L,180
S1008L06.jpg,008,L,178
S1008L02.jpg,008,L,186
S1008L03.jpg,008,L,178
S1008L01.jpg,008,L,157
S1037R01.jpg,037,R,151
S1037R02.jpg,037,R,173
S1037R03.jpg,037,R,173
S1205R04.jpg,205,R,155
S1205R05.jpg,205,R,164
S1205R07.jpg,205,R,174
S1205R06.jpg,205,R,153
S1205R02.jpg,205,R,164
S1205R03.jpg,205,R,162
S1205R01.jpg,205,R,149
S1205L02.jpg,205,L,167
S1205L01.jpg,205,L,153
S1001R06.jpg,001,R,175
S1001R07.jpg,001,R,184
S1001R05.jpg,001,R,184
S1001R04.jpg,001,R,191
S1001R10.jpg,001,R,191
S1001R01.jpg,001,R,191
S1001R03.jpg,001,R,181
S1001R02.jpg,001,R,188
S1001R09.jpg,001,R,179
S1001R08.jpg,001,R,174
S1001L01.jpg,001,L,166
S1001L02.jpg,001,L,180
S1001L03.jpg,001,L,184
S1001L07.jpg,001,L,187
S1001L06.jpg,001,L,178
S1001L10.jpg,001,L,172
S1001L04.jpg,001,L,189
S1001L05.jpg,001,L,180
S1001L08.jpg,001,L,174
S1001L09.jpg,001,L,176
S1233R04.jpg,233,R,135
S1233R03.jpg,233,R,159
S1233R02.jpg,233,R,141
S1233R01.jpg,233,R,143
S1039L05.jpg,039,L,171
S1039L04.jpg,039,L,169
S1039L03.jpg,039,L,168
S1039L02.jpg,039,L,172
S1039L01.jpg,039,L,170
S1234R05.jpg,234,R,163
S1234R04.jpg,234,R,159
S1234R06.jpg,234,R,171
S1234R03.jpg,234,R,173
S1234R02.jpg,234,R,159
S1234R01.jpg,234,R,145
S1006R06.jpg,006,R,182
S1006R07.jpg,006,R,185
S1006R05.jpg,006,R,160
S1006R04.jpg,006,R,163
S1006R01.jpg,006,R,166
S1006R03.jpg,006,R,163
S1006R02.jpg,006,R,160
S1174L06.jpg,174,L,172
S1174L05.jpg,174,L,173
S1174L04.jpg,174,L,171
S1174L01.jpg,174,L,178
S1174L03.jpg,174,L,184
S1174L02.jpg,174,L,178
S1180R02.jpg,180,R,177
S1180R03.jpg,180,R,189
S1180R01.jpg,180,R,182
S1180R04.jpg,180,R,190
S1180R05.jpg,180,R,191
S1180R06.jpg,180,R,194
S1187R02.jpg,187,R,184
S1187R03.jpg,187,R,192
S1187R01.jpg,187,R,184
S1187R04.jpg,187,R,196
S1187R05.jpg,187,R,177
S1187R07.jpg,187,R,180
S1187R06.jpg,187,R,183
S1173R01.jpg,173,R,142
S1173R02.jpg,173,R,143
S1173R03.jpg,173,R,146
S1173R07.jpg,173,R,144
S1173R06.jpg,173,R,146
S1173R04.jpg,173,R,145
S1173R05.jpg,173,R,146
S1145R01.jpg,145,R,188
S1145R03.jpg,145,R,180
S1145R02.jpg,145,R,188
S1145R06.jpg,145,R,192
S1145R07.jpg,145,R,193
S1145R05.jpg,145,R,187
S1145R04.jpg,145,R,189
S1145L07.jpg,145,L,171
S1145L06.jpg,145,L,169
S1145L04.jpg,145,L,165
S1145L05.jpg,145,L,171
S1145L01.jpg,145,L,160
S1145L02.jpg,145,L,171
S1145L03.jpg,145,L,169
S1142R01.jpg,142,R,180
S1142R03.jpg,142,R,158
S1142R02.jpg,142,R,190
S1142R06.jpg,142,R,167
S1142R07.jpg,142,R,156
S1142R05.jpg,142,R,179
S1142R04.jpg,142,R,186
S1142L07.jpg,142,L,179
S1142L06.jpg,142,L,170
S1142L04.jpg,142,L,165
S1142L05.jpg,142,L,167
S1142L01.jpg,142,L,158
S1142L02.jpg,142,L,157
S1142L03.jpg,142,L,174
S1189L01.jpg,189,L,157
S1129R07.jpg,129,R,201
S1129R06.jpg,129,R,195
S1129R04.jpg,129,R,190
S1129R05.jpg,129,R,189
S1129R01.jpg,129,R,188
S1129R02.jpg,129,R,182
S1129R03.jpg,129,R,195
S1129L01.jpg,129,L,183
S1129L03.jpg,129,L,187
S1129L02.jpg,129,L,178
S1129L06.jpg,129,L,177
S1129L07.jpg,129,L,182
S1129L05.jpg,129,L,180
S1129L04.jpg,129,L,179
S1116R03.jpg,116,R,144
S1116R02.jpg,116,R,152
S1116R01.jpg,116,R,145
S1116R05.jpg,116,R,145
S1116R04.jpg,116,R,150
S1116R06.jpg,116,R,152
S1116R07.jpg,116,R,157
S1116L04.jpg,116,L,157
S1116L05.jpg,116,L,149
S1116L07.jpg,116,L,157
S1116L06.jpg,116,L,157
S1116L02.jpg,116,L,160
S1116L03.jpg,116,L,166
S1116L01.jpg,116,L,160
S1111R03.jpg,111,R,182
S1111R02.jpg,111,R,187
S1111R01.jpg,111,R,179
S1111R05.jpg,111,R,173
S1111R04.jpg,111,R,177
S1111R06.jpg,111,R,169
S1111R07.jpg,111,R,175
S1111L04.jpg,111,L,152
S1111L05.jpg,111,L,168
S1111L07.jpg,111,L,167
S1111L06.jpg,111,L,168
S1111L02.jpg,111,L,172
S1111L03.jpg,111,L,151
S1111L01.jpg,111,L,169
S1118R06.jpg,118,R,158
S1118R07.jpg,118,R,172
S1118R05.jpg,118,R,170
S1118R04.jpg,118,R,167
S1118R01.jpg,118,R,168
S1118R03.jpg,118,R,177
S1118R02.jpg,118,R,182
S1118L01.jpg,118,L,173
S1118L02.jpg,118,L,182
S1118L03.jpg,118,L,168
S1118L07.jpg,118,L,155
S1118L06.jpg,118,L,160
S1118L04.jpg,118,L,170
S1118L05.jpg,118,L,174
S1127R02.jpg,127,R,163
S1127R03.jpg,127,R,206
S1127R01.jpg,127,R,169
S1127R04.jpg,127,R,198
S1127R05.jpg,127,R,197
S1127R07.jpg,127,R,182
S1127R06.jpg,127,R,169
S1127L05.jpg,127,L,191
S1127L04.jpg,127,L,197
S1127L06.jpg,127,L,185
S1127L03.jpg,127,L,201
S1127L02.jpg,127,L,187
S1127L01.jpg,127,L,192
S1120R02.jpg,120,R,194
S1120R03.jpg,120,R,193
S1120R01.jpg,120,R,195
S1120R04.jpg,120,R,192
S1120R05.jpg,120,R,196
S1120R07.jpg,120,R,195
S1120R06.jpg,120,R,191
S1120L05.jpg,120,L,184
S1120L04.jpg,120,L,187
S1120L06.jpg,120,L,184
S1120L07.jpg,120,L,184
S1120L03.jpg,120,L,187
S1120L02.jpg,120,L,165
S1120L01.jpg,120,L,171
S1143R02.jpg,143,R,171
S1143R03.jpg,143,R,174
S1143R01.jpg,143,R,167
S1143R04.jpg,143,R,156
S1143R05.jpg,143,R,174
S1143R07.jpg,143,R,169
S1143R06.jpg,143,R,167
S1143L05.jpg,143,L,150
S1143L04.jpg,143,L,160
S1143L06.jpg,143,L,165
S1143L07.jpg,143,L,164
S1143L03.jpg,143,L,168
S1143L02.jpg,143,L,182
S1143L01.jpg,143,L,163
S1188R09.jpg,188,R,169
S1188R08.jpg,188,R,192
S1188R05.jpg,188,R,175
S1188R10.jpg,188,R,192
S1188R04.jpg,188,R,179
S1188R06.jpg,188,R,153
S1188R07.jpg,188,R,178
S1188R03.jpg,188,R,191
S1188R02.jpg,188,R,181
S1188R01.jpg,188,R,170
S1188L08.jpg,188,L,186
S1188L09.jpg,188,L,184
S1188L02.jpg,188,L,178
S1188L03.jpg,188,L,174
S1188L01.jpg,188,L,179
S1188L04.jpg,188,L,178
S1188L10.jpg,188,L,192
S1188L05.jpg,188,L,175
S1188L07.jpg,188,L,177
S1188L06.jpg,188,L,183
S1144R02.jpg,144,R,183
S1144R03.jpg,144,R,156
S1144R01.jpg,144,R,170
S1144R04.jpg,144,R,190
S1144R05.jpg,144,R,158
S1144R07.jpg,144,R,168
S1144R06.jpg,144,R,178
S1144L05.jpg,144,L,195
S1144L04.jpg,144,L,203
S1144L06.jpg,144,L,182
S1144L07.jpg,144,L,190
S1144L03.jpg,144,L,202
S1144L02.jpg,144,L,158
S1144L01.jpg,144,L,153
S1172L04.jpg,172,L,186
S1172L05.jpg,172,L,185
S1172L07.jpg,172,L,183
S1172L06.jpg,172,L,186
S1172L02.jpg,172,L,181
S1172L03.jpg,172,L,187
S1172L01.jpg,172,L,184
S1172L08.jpg,172,L,186
S1186L08.jpg,186,L,185
S1186L09.jpg,186,L,193
S1186L07.jpg,186,L,193
S1186L06.jpg,186,L,194
S1186L04.jpg,186,L,197
S1186L05.jpg,186,L,193
S1186L01.jpg,186,L,188
S1186L02.jpg,186,L,206
S1186L03.jpg,186,L,201
S1181L07.jpg,181,L,186
S1181L06.jpg,181,L,173
S1181L04.jpg,181,L,180
S1181L05.jpg,181,L,182
S1181L01.jpg,181,L,166
S1181L02.jpg,181,L,167
S1181L03.jpg,181,L,166
S1175L04.jpg,175,L,130
S1175L05.jpg,175,L,130
S1175L06.jpg,175,L,130
S1175L02.jpg,175,L,133
S1175L03.jpg,175,L,130
S1175L01.jpg,175,L,128
S1121R01.jpg,121,R,178
S1121R03.jpg,121,R,146
S1121R02.jpg,121,R,172
S1121R06.jpg,121,R,177
S1121R05.jpg,121,R,165
S1121R04.jpg,121,R,175
S1121L07.jpg,121,L,157
S1121L06.jpg,121,L,162
S1121L04.jpg,121,L,162
S1121L05.jpg,121,L,171
S1121L01.jpg,121,L,177
S1121L02.jpg,121,L,183
S1121L03.jpg,121,L,166
S1119R04.jpg,119,R,125
S1119R05.jpg,119,R,129
S1119R07.jpg,119,R,132
S1119R06.jpg,119,R,135
S1119R02.jpg,119,R,151
S1119R03.jpg,119,R,143
S1119R01.jpg,119,R,160
S1119L03.jpg,119,L,158
S1119L02.jpg,119,L,163
S1119L01.jpg,119,L,160
S1119L05.jpg,119,L,161
S1119L04.jpg,119,L,156
S1119L06.jpg,119,L,154
S1119L07.jpg,119,L,159
S1126R01.jpg,126,R,167
S1126R03.jpg,126,R,177
S1126R02.jpg,126,R,180
S1126R06.jpg,126,R,174
S1126R07.jpg,126,R,180
S1126R05.jpg,126,R,170
S1126R04.jpg,126,R,185
S1126L07.jpg,126,L,173
S1126L06.jpg,126,L,180
S1126L04.jpg,126,L,180
S1126L05.jpg,126,L,177
S1126L01.jpg,126,L,186
S1126L02.jpg,126,L,175
S1126L03.jpg,126,L,179
S1110R01.jpg,110,R,160
S1110R02.jpg,110,R,143
S1110R03.jpg,110,R,140
S1110R07.jpg,110,R,139
S1110R06.jpg,110,R,145
S1110R04.jpg,110,R,137
S1110R05.jpg,110,R,143
S1110L06.jpg,110,L,149
S1110L07.jpg,110,L,159
S1110L05.jpg,110,L,151
S1110L04.jpg,110,L,153
S1110L01.jpg,110,L,166
S1110L03.jpg,110,L,155
S1110L02.jpg,110,L,156
S1128R05.jpg,128,R,151
S1128R04.jpg,128,R,153
S1128R03.jpg,128,R,189
S1128R02.jpg,128,R,168
S1128R01.jpg,128,R,181
S1128L02.jpg,128,L,174
S1128L03.jpg,128,L,187
S1128L01.jpg,128,L,176
S1128L04.jpg,128,L,210
S1128L05.jpg,128,L,200
S1128L07.jpg,128,L,209
S1128L06.jpg,128,L,206
S1117R01.jpg,117,R,166
S1117R02.jpg,117,R,169
S1117R03.jpg,117,R,178
S1117R07.jpg,117,R,175
S1117R06.jpg,117,R,174
S1117R04.jpg,117,R,184
S1117R05.jpg,117,R,175
S1117L06.jpg,117,L,186
S1117L07.jpg,117,L,181
S1117L05.jpg,117,L,182
S1117L04.jpg,117,L,182
S1117L01.jpg,117,L,185
S1117L03.jpg,117,L,179
S1117L02.jpg,117,L,167
S1198L04.jpg,198,L,165
S1198L05.jpg,198,L,193
S1198L01.jpg,198,L,159
S1198L02.jpg,198,L,164
S1198L03.jpg,198,L,161
S1153L01.jpg,153,L,140
S1153L03.jpg,153,L,129
S1153L02.jpg,153,L,139
S1153L05.jpg,153,L,133
S1153L04.jpg,153,L,139
S1154L01.jpg,154,L,165
S1154L03.jpg,154,L,138
S1154L02.jpg,154,L,164
S1154L05.jpg,154,L,150
S1154L04.jpg,154,L,150
S1196R05.jpg,196,R,175
S1196R04.jpg,196,R,175
S1196R03.jpg,196,R,175
S1196R02.jpg,196,R,181
S1196R01.jpg,196,R,155
S1162R06.jpg,162,R,160
S1162R07.jpg,162,R,179
S1162R05.jpg,162,R,144
S1162R10.jpg,162,R,162
S1162R04.jpg,162,R,179
S1162R01.jpg,162,R,164
S1162R03.jpg,162,R,173
S1162R02.jpg,162,R,169
S1162R09.jpg,162,R,158
S1162R08.jpg,162,R,168
S1162L01.jpg,162,L,179
S1162L02.jpg,162,L,180
S1162L03.jpg,162,L,182
S1162L07.jpg,162,L,171
S1162L06.jpg,162,L,186
S1162L04.jpg,162,L,172
S1162L10.jpg,162,L,184
S1162L05.jpg,162,L,180
S1162L08.jpg,162,L,181
S1162L09.jpg,162,L,185
S1165R09.jpg,165,R,195
S1165R08.jpg,165,R,195
S1165R06.jpg,165,R,204
S1165R07.jpg,165,R,201
S1165R05.jpg,165,R,166
S1165R04.jpg,165,R,177
S1165R01.jpg,165,R,175
S1165R03.jpg,165,R,173
S1165R02.jpg,165,R,192
S1165L08.jpg,165,L,197
S1165L09.jpg,165,L,197
S1165L01.jpg,165,L,191
S1165L02.jpg,165,L,201
S1165L03.jpg,165,L,175
S1165L07.jpg,165,L,196
S1165L06.jpg,165,L,184
S1165L04.jpg,165,L,153
S1165L05.jpg,165,L,170
S1191R05.jpg,191,R,193
S1191R04.jpg,191,R,189
S1191R10.jpg,191,R,195
S1191R06.jpg,191,R,203
S1191R07.jpg,191,R,203
S1191R03.jpg,191,R,194
S1191R02.jpg,191,R,192
S1191R01.jpg,191,R,194
S1191R09.jpg,191,R,189
S1191R08.jpg,191,R,197
S1191L02.jpg,191,L,205
S1191L03.jpg,191,L,206
S1191L01.jpg,191,L,215
S1191L10.jpg,191,L,213
S1191L04.jpg,191,L,205
S1191L05.jpg,191,L,206
S1191L07.jpg,191,L,200
S1191L06.jpg,191,L,210
S1191L08.jpg,191,L,202
S1191L09.jpg,191,L,208
S1131R05.jpg,131,R,187
S1131R04.jpg,131,R,187
S1131R03.jpg,131,R,188
S1131R02.jpg,131,R,195
S1131R01.jpg,131,R,187
S1131L02.jpg,131,L,188
S1131L03.jpg,131,L,191
S1131L01.jpg,131,L,180
S1131L04.jpg,131,L,184
S1131L05.jpg,131,L,186
S1131L07.jpg,131,L,185
S1131L06.jpg,131,L,185
S1136R09.jpg,136,R,202
S1136R08.jpg,136,R,197
S1136R05.jpg,136,R,208
S1136R04.jpg,136,R,209
S1136R10.jpg,136,R,198
S1136R06.jpg,136,R,204
S1136R07.jpg,136,R,201
S1136R03.jpg,136,R,199
S1136R02.jpg,136,R,202
S1136R01.jpg,136,R,210
S1136L08.jpg,136,L,200
S1136L09.jpg,136,L,204
S1136L02.jpg,136,L,207
S1136L03.jpg,136,L,200
S1136L01.jpg,136,L,188
S1136L10.jpg,136,L,202
S1136L04.jpg,136,L,197
S1136L05.jpg,136,L,195
S1136L07.jpg,136,L,201
S1136L06.jpg,136,L,196
S1109R01.jpg,109,R,198
S1109R02.jpg,109,R,169
S1109R03.jpg,109,R,169
S1109R07.jpg,109,R,187
S1109R06.jpg,109,R,189
S1109R04.jpg,109,R,194
S1109R05.jpg,109,R,195
S1109L06.jpg,109,L,186
S1109L05.jpg,109,L,201
S1109L04.jpg,109,L,188
S1109L01.jpg,109,L,196
S1109L03.jpg,109,L,185
S1109L02.jpg,109,L,193
S1100R04.jpg,100,R,203
S1100R05.jpg,100,R,185
S1100R07.jpg,100,R,178
S1100R06.jpg,100,R,182
S1100R02.jpg,100,R,191
S1100R03.jpg,100,R,179
S1100R01.jpg,100,R,204
S1100L03.jpg,100,L,174
S1100L02.jpg,100,L,188
S1100L01.jpg,100,L,196
S1100L05.jpg,100,L,208
S1100L04.jpg,100,L,176
S1100L06.jpg,100,L,216
S1100L07.jpg,100,L,206
S1107R04.jpg,107,R,152
S1107R05.jpg,107,R,180
S1107R07.jpg,107,R,164
S1107R06.jpg,107,R,174
S1107R02.jpg,107,R,155
S1107R03.jpg,107,R,178
S1107R01.jpg,107,R,154
S1107L03.jpg,107,L,175
S1107L02.jpg,107,L,187
S1107L01.jpg,107,L,169
S1107L05.jpg,107,L,177
S1107L04.jpg,107,L,161
S1107L06.jpg,107,L,186
S1107L07.jpg,107,L,185
S1138R01.jpg,138,R,164
S1138R03.jpg,138,R,169
S1138R02.jpg,138,R,163
S1138R06.jpg,138,R,182
S1138R07.jpg,138,R,182
S1138R05.jpg,138,R,181
S1138R04.jpg,138,R,187
S1138L07.jpg,138,L,183
S1138L06.jpg,138,L,187
S1138L04.jpg,138,L,192
S1138L05.jpg,138,L,188
S1138L01.jpg,138,L,189
S1138L02.jpg,138,L,187
S1138L03.jpg,138,L,188
S1190L01.jpg,190,L,154
S1190L03.jpg,190,L,183
S1190L02.jpg,190,L,160
S1190L05.jpg,190,L,181
S1190L04.jpg,190,L,145
S1164R04.jpg,164,R,181
S1164R05.jpg,164,R,182
S1164R02.jpg,164,R,153
S1164R03.jpg,164,R,181
S1164R01.jpg,164,R,152
S1164L03.jpg,164,L,194
S1164L02.jpg,164,L,191
S1164L01.jpg,164,L,191
S1164L05.jpg,164,L,195
S1164L04.jpg,164,L,191
S1163R04.jpg,163,R,168
S1163R02.jpg,163,R,137
S1163R03.jpg,163,R,157
S1163R01.jpg,163,R,151
S1163L03.jpg,163,L,145
S1163L02.jpg,163,L,145
S1163L01.jpg,163,L,145
S1163L05.jpg,163,L,139
S1163L04.jpg,163,L,145
S1163L06.jpg,163,L,147
S1197R01.jpg,197,R,176
S1197L01.jpg,197,L,179
S1197L03.jpg,197,L,182
S1197L02.jpg,197,L,188
S1197L05.jpg,197,L,180
S1197L04.jpg,197,L,181
S1155L02.jpg,155,L,164
S1155L03.jpg,155,L,153
S1155L01.jpg,155,L,130
S1199R02.jpg,199,R,200
S1199R03.jpg,199,R,197
S1199R01.jpg,199,R,177
S1199R10.jpg,199,R,190
S1199R04.jpg,199,R,182
S1199R05.jpg,199,R,173
S1199R07.jpg,199,R,189
S1199R06.jpg,199,R,198
S1199R08.jpg,199,R,188
S1199R09.jpg,199,R,169
S1199L05.jpg,199,L,171
S1199L04.jpg,199,L,165
S1199L10.jpg,199,L,194
S1199L06.jpg,199,L,195
S1199L07.jpg,199,L,177
S1199L03.jpg,199,L,183
S1199L02.jpg,199,L,199
S1199L01.jpg,199,L,179
S1199L09.jpg,199,L,183
S1199L08.jpg,199,L,177
S1152L02.jpg,152,L,177
S1152L03.jpg,152,L,174
S1152L01.jpg,152,L,138
S1152L04.jpg,152,L,165
S1152L05.jpg,152,L,165
S1106R06.jpg,106,R,197
S1106R07.jpg,106,R,194
S1106R05.jpg,106,R,192
S1106R04.jpg,106,R,196
S1106R01.jpg,106,R,190
S1106R03.jpg,106,R,194
S1106R02.jpg,106,R,194
S1106L01.jpg,106,L,162
S1106L02.jpg,106,L,190
S1106L03.jpg,106,L,178
S1106L07.jpg,106,L,188
S1106L06.jpg,106,L,183
S1106L04.jpg,106,L,179
S1106L05.jpg,106,L,193
S1139R02.jpg,139,R,124
S1139R03.jpg,139,R,114
S1139R01.jpg,139,R,137
S1139R04.jpg,139,R,123
S1139R05.jpg,139,R,148
S1139R07.jpg,139,R,122
S1139R06.jpg,139,R,156
S1139L05.jpg,139,L,149
S1139L04.jpg,139,L,149
S1139L06.jpg,139,L,137
S1139L03.jpg,139,L,140
S1139L02.jpg,139,L,139
S1139L01.jpg,139,L,139
S1101R06.jpg,101,R,193
S1101R07.jpg,101,R,200
S1101R05.jpg,101,R,185
S1101R04.jpg,101,R,193
S1101R01.jpg,101,R,208
S1101R03.jpg,101,R,203
S1101R02.jpg,101,R,189
S1101L01.jpg,101,L,188
S1101L02.jpg,101,L,183
S1101L03.jpg,101,L,179
S1101L07.jpg,101,L,190
S1101L06.jpg,101,L,174
S1101L04.jpg,101,L,181
S1101L05.jpg,101,L,177
S1137R07.jpg,137,R,178
S1137R06.jpg,137,R,183
S1137R04.jpg,137,R,174
S1137R05.jpg,137,R,174
S1137R01.jpg,137,R,173
S1137R02.jpg,137,R,182
S1137R03.jpg,137,R,159
S1137L01.jpg,137,L,178
S1137L03.jpg,137,L,187
S1137L02.jpg,137,L,189
S1137L06.jpg,137,L,183
S1137L07.jpg,137,L,174
S1137L05.jpg,137,L,182
S1137L04.jpg,137,L,173
S1108R03.jpg,108,R,152
S1108R02.jpg,108,R,165
S1108R01.jpg,108,R,161
S1108R05.jpg,108,R,153
S1108R04.jpg,108,R,151
S1108R06.jpg,108,R,151
S1108L04.jpg,108,L,155
S1108L05.jpg,108,L,170
S1108L06.jpg,108,L,164
S1108L02.jpg,108,L,163
S1108L03.jpg,108,L,173
S1108L01.jpg,108,L,165
S1130R07.jpg,130,R,188
S1130R06.jpg,130,R,188
S1130R04.jpg,130,R,185
S1130R05.jpg,130,R,189
S1130R01.jpg,130,R,179
S1130R02.jpg,130,R,193
S1130R03.jpg,130,R,187
S1130L01.jpg,130,L,171
S1130L03.jpg,130,L,194
S1130L02.jpg,130,L,175
S1130L06.jpg,130,L,194
S1130L07.jpg,130,L,188
S1130L05.jpg,130,L,193
S1130L04.jpg,130,L,196
S1089R07.jpg,089,R,175
S1089R06.jpg,089,R,202
S1089R04.jpg,089,R,186
S1089R05.jpg,089,R,209
S1089R01.jpg,089,R,186
S1089R02.jpg,089,R,194
S1089R03.jpg,089,R,203
S1089L01.jpg,089,L,173
S1089L03.jpg,089,L,196
S1089L02.jpg,089,L,185
S1089L06.jpg,089,L,191
S1089L07.jpg,089,L,195
S1089L05.jpg,089,L,199
S1089L04.jpg,089,L,187
S1042R01.jpg,042,R,172
S1042R03.jpg,042,R,172
S1042R02.jpg,042,R,183
S1042R06.jpg,042,R,172
S1042R07.jpg,042,R,172
S1042R05.jpg,042,R,171
S1042R10.jpg,042,R,181
S1042R04.jpg,042,R,177
S1042R09.jpg,042,R,172
S1042R08.jpg,042,R,177
S1042L07.jpg,042,L,171
S1042L06.jpg,042,L,177
S1042L04.jpg,042,L,182
S1042L10.jpg,042,L,177
S1042L05.jpg,042,L,186
S1042L01.jpg,042,L,160
S1042L02.jpg,042,L,155
S1042L03.jpg,042,L,168
S1042L08.jpg,042,L,170
S1042L09.jpg,042,L,172
S1248R07.jpg,248,R,176
S1248R06.jpg,248,R,179
S1248R04.jpg,248,R,178
S1248R05.jpg,248,R,197
S1248R01.jpg,248,R,166
S1248R02.jpg,248,R,185
S1248R03.jpg,248,R,192
S1248L01.jpg,248,L,194
S1045R09.jpg,045,R,160
S1045R08.jpg,045,R,157
S1045R01.jpg,045,R,169
S1045R03.jpg,045,R,149
S1045R02.jpg,045,R,147
S1045R06.jpg,045,R,154
S1045R07.jpg,045,R,170
S1045R05.jpg,045,R,162
S1045R04.jpg,045,R,158
S1045R10.jpg,045,R,153
S1045L08.jpg,045,L,159
S1045L09.jpg,045,L,151
S1045L07.jpg,045,L,155
S1045L06.jpg,045,L,169
S1045L10.jpg,045,L,156
S1045L04.jpg,045,L,171
S1045L05.jpg,045,L,172
S1045L11.jpg,045,L,155
S1045L01.jpg,045,L,168
S1045L02.jpg,045,L,144
S1045L03.jpg,045,L,152
S1087R02.jpg,087,R,154
S1087R03.jpg,087,R,188
S1087R01.jpg,087,R,173
S1087R04.jpg,087,R,161
S1087R05.jpg,087,R,173
S1087R06.jpg,087,R,168
S1087L05.jpg,087,L,162
S1087L04.jpg,087,L,160
S1087L06.jpg,087,L,126
S1087L07.jpg,087,L,153
S1087L03.jpg,087,L,153
S1087L02.jpg,087,L,162
S1087L01.jpg,087,L,147
S1073R01.jpg,073,R,184
S1073R02.jpg,073,R,178
S1073R03.jpg,073,R,191
S1073R07.jpg,073,R,188
S1073R06.jpg,073,R,182
S1073R04.jpg,073,R,194
S1073R05.jpg,073,R,186
S1073L06.jpg,073,L,177
S1073L07.jpg,073,L,178
S1073L05.jpg,073,L,186
S1073L04.jpg,073,L,186
S1073L01.jpg,073,L,188
S1073L03.jpg,073,L,186
S1073L02.jpg,073,L,188
S1241R02.jpg,241,R,177
S1241R03.jpg,241,R,181
S1241R01.jpg,241,R,193
S1246R02.jpg,246,R,151
S1246R03.jpg,246,R,136
S1246R01.jpg,246,R,136
S1074R01.jpg,074,R,138
S1074R02.jpg,074,R,172
S1074R03.jpg,074,R,143
S1074R07.jpg,074,R,173
S1074R06.jpg,074,R,174
S1074R04.jpg,074,R,181
S1074R05.jpg,074,R,166
S1074L06.jpg,074,L,176
S1074L07.jpg,074,L,167
S1074L05.jpg,074,L,173
S1074L04.jpg,074,L,177
S1074L01.jpg,074,L,154
S1074L03.jpg,074,L,180
S1074L02.jpg,074,L,176
S1080R02.jpg,080,R,126
S1080R03.jpg,080,R,145
S1080R01.jpg,080,R,134
S1080R04.jpg,080,R,121
S1080R05.jpg,080,R,128
S1080L05.jpg,080,L,161
S1080L04.jpg,080,L,161
S1080L06.jpg,080,L,167
S1080L07.jpg,080,L,159
S1080L03.jpg,080,L,164
S1080L02.jpg,080,L,173
S1080L01.jpg,080,L,151
S1020R02.jpg,020,R,164
S1020R03.jpg,020,R,179
S1020R01.jpg,020,R,184
S1020R04.jpg,020,R,179
S1020R05.jpg,020,R,182
S1020L01.jpg,020,L,189
S1212R01.jpg,212,R,182
S1212L06.jpg,212,L,196
S1212L07.jpg,212,L,195
S1212L05.jpg,212,L,186
S1212L04.jpg,212,L,179
S1212L01.jpg,212,L,167
S1212L03.jpg,212,L,179
S1212L02.jpg,212,L,169
S1212L08.jpg,212,L,190
S1215L06.jpg,215,L,168
S1215L05.jpg,215,L,157
S1215L04.jpg,215,L,169
S1215L01.jpg,215,L,151
S1215L03.jpg,215,L,141
S1215L02.jpg,215,L,154
S1027L05.jpg,027,L,153
S1027L04.jpg,027,L,154
S1027L03.jpg,027,L,176
S1027L02.jpg,027,L,147
S1027L01.jpg,027,L,167
S1018R01.jpg,018,R,157
S1018R03.jpg,018,R,174
S1018R02.jpg,018,R,178
S1223R01.jpg,223,R,165
S1223R03.jpg,223,R,175
S1223R02.jpg,223,R,172
S1011R03.jpg,011,R,201
S1011R02.jpg,011,R,204
S1011R01.jpg,011,R,205
S1011R05.jpg,011,R,194
S1011R10.jpg,011,R,194
S1011R04.jpg,011,R,189
S1011R06.jpg,011,R,188
S1011R07.jpg,011,R,185
S1011R09.jpg,011,R,200
S1011R08.jpg,011,R,193
S1011L04.jpg,011,L,159
S1011L05.jpg,011,L,159
S1011L07.jpg,011,L,157
S1011L06.jpg,011,L,166
S1011L02.jpg,011,L,195
S1011L03.jpg,011,L,168
S1011L01.jpg,011,L,177
S1011L08.jpg,011,L,186
S1011L09.jpg,011,L,196
S1016L04.jpg,016,L,186
S1016L02.jpg,016,L,195
S1016L03.jpg,016,L,185
S1016L01.jpg,016,L,191
S1224R01.jpg,224,R,189
S1224R03.jpg,224,R,197
S1224R02.jpg,224,R,195
S1224R06.jpg,224,R,195
S1224R07.jpg,224,R,186
S1224R05.jpg,224,R,194
S1224R11.jpg,224,R,192
S1224R10.jpg,224,R,183
S1224R04.jpg,224,R,187
S1224R09.jpg,224,R,175
S1224R08.jpg,224,R,178
S1224L07.jpg,224,L,155
S1224L06.jpg,224,L,170
S1224L04.jpg,224,L,181
S1224L10.jpg,224,L,189
S1224L11.jpg,224,L,164
S1224L05.jpg,224,L,168
S1224L01.jpg,224,L,171
S1224L02.jpg,224,L,173
S1224L03.jpg,224,L,168
S1224L08.jpg,224,L,159
S1224L09.jpg,224,L,192
S1029R07.jpg,029,R,137
S1029R06.jpg,029,R,146
S1029R04.jpg,029,R,148
S1029R10.jpg,029,R,134
S1029R05.jpg,029,R,161
S1029R01.jpg,029,R,139
S1029R02.jpg,029,R,145
S1029R03.jpg,029,R,144
S1029R08.jpg,029,R,143
S1029R09.jpg,029,R,142
S1029L01.jpg,029,L,151
S1029L03.jpg,029,L,161
S1029L02.jpg,029,L,162
S1029L06.jpg,029,L,166
S1029L07.jpg,029,L,175
S1029L05.jpg,029,L,155
S1029L10.jpg,029,L,173
S1029L04.jpg,029,L,161
S1029L09.jpg,029,L,158
S1029L08.jpg,029,L,155
S1081R01.jpg,081,R,193
S1081R03.jpg,081,R,192
S1081R02.jpg,081,R,194
S1081R06.jpg,081,R,198
S1081R07.jpg,081,R,205
S1081R05.jpg,081,R,191
S1081R04.jpg,081,R,185
S1081R10.jpg,081,R,192
S1081R09.jpg,081,R,200
S1081R08.jpg,081,R,201
S1081L07.jpg,081,L,212
S1081L06.jpg,081,L,197
S1081L10.jpg,081,L,214
S1081L04.jpg,081,L,201
S1081L05.jpg,081,L,193
S1081L01.jpg,081,L,162
S1081L02.jpg,081,L,196
S1081L03.jpg,081,L,179
S1081L08.jpg,081,L,207
S1081L09.jpg,081,L,185
S1075R03.jpg,075,R,178
S1075R02.jpg,075,R,176
S1075R01.jpg,075,R,173
S1075R05.jpg,075,R,178
S1075R04.jpg,075,R,176
S1075R06.jpg,075,R,179
S1075L04.jpg,075,L,157
S1075L05.jpg,075,L,163
S1075L06.jpg,075,L,154
S1075L02.jpg,075,L,163
S1075L03.jpg,075,L,162
S1075L01.jpg,075,L,158
S1247R01.jpg,247,R,175
S1247R03.jpg,247,R,160
S1247R02.jpg,247,R,158
S1247R06.jpg,247,R,168
S1247R07.jpg,247,R,174
S1247R05.jpg,247,R,153
S1247R04.jpg,247,R,169
S1247R08.jpg,247,R,187
S1240L04.jpg,240,L,163
S1240L05.jpg,240,L,183
S1240L01.jpg,240,L,194
S1240L02.jpg,240,L,196
S1240L03.jpg,240,L,160
S1072R03.jpg,072,R,151
S1072R02.jpg,072,R,155
S1072R01.jpg,072,R,143
S1072R05.jpg,072,R,157
S1072R04.jpg,072,R,152
S1072R06.jpg,072,R,158
S1072R07.jpg,072,R,159
S1072L04.jpg,072,L,174
S1072L05.jpg,072,L,171
S1072L07.jpg,072,L,159
S1072L06.jpg,072,L,169
S1072L02.jpg,072,L,155
S1072L03.jpg,072,L,168
S1072L01.jpg,072,L,162
S1086R01.jpg,086,R,181
S1086R03.jpg,086,R,162
S1086R02.jpg,086,R,177
S1086R06.jpg,086,R,203
S1086R07.jpg,086,R,195
S1086R05.jpg,086,R,195
S1086R04.jpg,086,R,183
S1086L06.jpg,086,L,175
S1086L04.jpg,086,L,178
S1086L05.jpg,086,L,167
S1086L01.jpg,086,L,163
S1086L02.jpg,086,L,166
S1086L03.jpg,086,L,175
S1249R02.jpg,249,R,202
S1249R01.jpg,249,R,208
S1044R01.jpg,044,R,155
S1044L05.jpg,044,L,139
S1044L04.jpg,044,L,140
S1044L06.jpg,044,L,143
S1044L03.jpg,044,L,145
S1044L02.jpg,044,L,142
S1044L01.jpg,044,L,149
S1088R05.jpg,088,R,187
S1088R04.jpg,088,R,190
S1088R06.jpg,088,R,179
S1088R07.jpg,088,R,192
S1088R03.jpg,088,R,194
S1088R02.jpg,088,R,190
S1088R01.jpg,088,R,193
S1088L02.jpg,088,L,201
S1088L03.jpg,088,L,200
S1088L01.jpg,088,L,195
S1088L04.jpg,088,L,194
S1088L05.jpg,088,L,200
S1088L07.jpg,088,L,199
S1088L06.jpg,088,L,189
S1043R08.jpg,043,R,175
S1043R09.jpg,043,R,161
S1043R02.jpg,043,R,173
S1043R03.jpg,043,R,172
S1043R01.jpg,043,R,177
S1043R04.jpg,043,R,166
S1043R05.jpg,043,R,211
S1043R07.jpg,043,R,172
S1043R06.jpg,043,R,174
S1043L09.jpg,043,L,199
S1043L08.jpg,043,L,147
S1043L05.jpg,043,L,178
S1043L10.jpg,043,L,198
S1043L04.jpg,043,L,168
S1043L06.jpg,043,L,186
S1043L07.jpg,043,L,189
S1043L03.jpg,043,L,188
S1043L02.jpg,043,L,147
S1043L01.jpg,043,L,178
S1225L05.jpg,225,L,182
S1225L04.jpg,225,L,186
S1225L06.jpg,225,L,172
S1225L07.jpg,225,L,171
S1225L03.jpg,225,L,193
S1225L02.jpg,225,L,188
S1225L01.jpg,225,L,195
S1017R01.jpg,017,R,183
S1017R02.jpg,017,R,169
S1017R03.jpg,017,R,155
S1017R06.jpg,017,R,166
S1017R04.jpg,017,R,172
S1017R05.jpg,017,R,158
S1028R09.jpg,028,R,193
S1028R08.jpg,028,R,199
S1028R05.jpg,028,R,190
S1028R10.jpg,028,R,185
S1028R04.jpg,028,R,180
S1028R06.jpg,028,R,174
S1028R07.jpg,028,R,172
S1028R03.jpg,028,R,196
S1028R02.jpg,028,R,191
S1028R01.jpg,028,R,176
S1028L08.jpg,028,L,164
S1028L09.jpg,028,L,195
S1028L02.jpg,028,L,189
S1028L03.jpg,028,L,176
S1028L01.jpg,028,L,160
S1028L04.jpg,028,L,173
S1028L10.jpg,028,L,191
S1028L11.jpg,028,L,186
S1028L05.jpg,028,L,167
S1028L07.jpg,028,L,184
S1028L06.jpg,028,L,178
S1028L12.jpg,028,L,166
S1010R01.jpg,010,R,143
S1010R02.jpg,010,R,140
S1010R03.jpg,010,R,122
S1010R04.jpg,010,R,110
S1010R05.jpg,010,R,146
S1222R02.jpg,222,R,141
S1222R03.jpg,222,R,140
S1222R01.jpg,222,R,140
S1222R04.jpg,222,R,145
S1222R05.jpg,222,R,151
S1222R07.jpg,222,R,166
S1222R06.jpg,222,R,166
S1222R08.jpg,222,R,158
S1026R01.jpg,026,R,170
S1026R03.jpg,026,R,161
S1026R02.jpg,026,R,166
S1214R01.jpg,214,R,214
S1214L04.jpg,214,L,163
S1214L05.jpg,214,L,189
S1214L07.jpg,214,L,171
S1214L06.jpg,214,L,166
S1214L02.jpg,214,L,191
S1214L03.jpg,214,L,179
S1214L01.jpg,214,L,182
S1019R04.jpg,019,R,171
S1019R10.jpg,019,R,167
S1019R11.jpg,019,R,180
S1019R05.jpg,019,R,164
S1019R13.jpg,019,R,163
S1019R07.jpg,019,R,186
S1019R06.jpg,019,R,150
S1019R12.jpg,019,R,183
S1019R16.jpg,019,R,186
S1019R02.jpg,019,R,202
S1019R03.jpg,019,R,160
S1019R17.jpg,019,R,187
S1019R01.jpg,019,R,175
S1019R15.jpg,019,R,179
S1019R14.jpg,019,R,171
S1019R19.jpg,019,R,195
S1019R25.jpg,019,R,189
S1019R24.jpg,019,R,214
S1019R18.jpg,019,R,189
S1019R26.jpg,019,R,204
S1019R23.jpg,019,R,185
S1019R22.jpg,019,R,182
S1019R20.jpg,019,R,181
S1019R08.jpg,019,R,179
S1019R09.jpg,019,R,148
S1019R21.jpg,019,R,177
S1019L03.jpg,019,L,175
S1019L02.jpg,019,L,185
S1019L14.jpg,019,L,189
S1019L01.jpg,019,L,188
S1019L05.jpg,019,L,168
S1019L11.jpg,019,L,186
S1019L10.jpg,019,L,185
S1019L04.jpg,019,L,156
S1019L12.jpg,019,L,187
S1019L06.jpg,019,L,173
S1019L07.jpg,019,L,178
S1019L13.jpg,019,L,189
S1019L09.jpg,019,L,182
S1019L08.jpg,019,L,177
S1213R01.jpg,213,R,173
S1213L01.jpg,213,L,177
S1021R01.jpg,021,R,175
S1021R02.jpg,021,R,174
S1021L06.jpg,021,L,193
S1021L04.jpg,021,L,187
S1021L05.jpg,021,L,187
S1021L01.jpg,021,L,186
S1021L02.jpg,021,L,194
S1021L03.jpg,021,L,200
S1003R03.jpg,003,R,146
S1003R02.jpg,003,R,148
S1003R01.jpg,003,R,159
S1003R05.jpg,003,R,142
S1003R04.jpg,003,R,145
S1003R06.jpg,003,R,159
S1003R07.jpg,003,R,167
S1231L08.jpg,231,L,174
S1231L07.jpg,231,L,157
S1231L06.jpg,231,L,164
S1231L04.jpg,231,L,155
S1231L05.jpg,231,L,166
S1231L01.jpg,231,L,159
S1231L02.jpg,231,L,185
S1231L03.jpg,231,L,173
S1209R08.jpg,209,R,172
S1209R09.jpg,209,R,160
S1209R04.jpg,209,R,181
S1209R10.jpg,209,R,181
S1209R05.jpg,209,R,173
S1209R07.jpg,209,R,181
S1209R06.jpg,209,R,185
S1209R02.jpg,209,R,186
S1209R03.jpg,209,R,192
S1209R01.jpg,209,R,168
S1209L09.jpg,209,L,180
S1209L08.jpg,209,L,179
S1209L03.jpg,209,L,180
S1209L02.jpg,209,L,171
S1209L01.jpg,209,L,174
S1209L05.jpg,209,L,178
S1209L10.jpg,209,L,185
S1209L04.jpg,209,L,180
S1209L06.jpg,209,L,181
S1209L07.jpg,209,L,184
S1236R01.jpg,236,R,159
S1236R03.jpg,236,R,151
S1236R02.jpg,236,R,150
S1004R03.jpg,004,R,181
S1004R02.jpg,004,R,179
S1004R01.jpg,004,R,164
S1004R05.jpg,004,R,191
S1004R04.jpg,004,R,199
S1004R06.jpg,004,R,188
S1004R07.jpg,004,R,189
S1200R01.jpg,200,R,121
S1200R02.jpg,200,R,118
S1032L05.jpg,032,L,148
S1032L04.jpg,032,L,143
S1032L03.jpg,032,L,140
S1032L02.jpg,032,L,140
S1032L01.jpg,032,L,147
S1238R04.jpg,238,R,172
S1238R03.jpg,238,R,174
S1238R02.jpg,238,R,151
S1238R01.jpg,238,R,157
S1035L05.jpg,035,L,166
S1035L04.jpg,035,L,166
S1035L03.jpg,035,L,157
S1035L02.jpg,035,L,159
S1035L01.jpg,035,L,172
S1207R01.jpg,207,R,206
S1207R02.jpg,207,R,188
S1207R03.jpg,207,R,201
S1207R04.jpg,207,R,182
S1207R05.jpg,207,R,192
S1095R02.jpg,095,R,172
S1095R03.jpg,095,R,185
S1095R01.jpg,095,R,181
S1095R04.jpg,095,R,188
S1095R05.jpg,095,R,181
S1095R07.jpg,095,R,161
S1095R06.jpg,095,R,165
S1095L05.jpg,095,L,174
S1095L04.jpg,095,L,171
S1095L06.jpg,095,L,179
S1095L07.jpg,095,L,169
S1095L03.jpg,095,L,172
S1095L02.jpg,095,L,172
S1095L01.jpg,095,L,172
S1061R01.jpg,061,R,209
S1061R02.jpg,061,R,195
S1061R03.jpg,061,R,195
S1061R04.jpg,061,R,203
S1061R05.jpg,061,R,203
S1066R01.jpg,066,R,179
S1066R02.jpg,066,R,193
S1066R03.jpg,066,R,175
S1066R07.jpg,066,R,171
S1066R06.jpg,066,R,183
S1066R04.jpg,066,R,188
S1066R05.jpg,066,R,184
S1066L06.jpg,066,L,149
S1066L07.jpg,066,L,181
S1066L05.jpg,066,L,167
S1066L04.jpg,066,L,164
S1066L01.jpg,066,L,175
S1066L03.jpg,066,L,173
S1066L02.jpg,066,L,172
S1092R08.jpg,092,R,181
S1092R09.jpg,092,R,181
S1092R02.jpg,092,R,179
S1092R03.jpg,092,R,187
S1092R01.jpg,092,R,177
S1092R04.jpg,092,R,184
S1092R10.jpg,092,R,178
S1092R05.jpg,092,R,185
S1092R07.jpg,092,R,184
S1092R06.jpg,092,R,172
S1092L09.jpg,092,L,179
S1092L08.jpg,092,L,181
S1092L05.jpg,092,L,175
S1092L10.jpg,092,L,185
S1092L04.jpg,092,L,180
S1092L06.jpg,092,L,179
S1092L07.jpg,092,L,186
S1092L03.jpg,092,L,182
S1092L02.jpg,092,L,184
S1092L01.jpg,092,L,184
S1059L02.jpg,059,L,206
S1059L03.jpg,059,L,181
S1059L01.jpg,059,L,141
S1059L04.jpg,059,L,205
S1059L05.jpg,059,L,211
S1050L04.jpg,050,L,186
S1050L05.jpg,050,L,187
S1050L01.jpg,050,L,186
S1050L02.jpg,050,L,185
S1050L03.jpg,050,L,187
S1057R01.jpg,057,R,186
S1057R03.jpg,057,R,176
S1057R02.jpg,057,R,160
S1057R05.jpg,057,R,165
S1057R04.jpg,057,R,182
S1068R04.jpg,068,R,146
S1068R05.jpg,068,R,162
S1068R06.jpg,068,R,170
S1068R02.jpg,068,R,172
S1068R03.jpg,068,R,163
S1068R01.jpg,068,R,182
S1068L03.jpg,068,L,176
S1068L02.jpg,068,L,162
S1068L01.jpg,068,L,156
S1068L05.jpg,068,L,177
S1068L04.jpg,068,L,170
S1068L06.jpg,068,L,169
S1068L07.jpg,068,L,170
S1239R08.jpg,239,R,192
S1239R09.jpg,239,R,197
S1239R07.jpg,239,R,186
S1239R06.jpg,239,R,194
S1239R04.jpg,239,R,194
S1239R10.jpg,239,R,194
S1239R05.jpg,239,R,196
S1239R01.jpg,239,R,190
S1239R02.jpg,239,R,197
S1239R03.jpg,239,R,195
S1239L09.jpg,239,L,196
S1239L08.jpg,239,L,188
S1239L01.jpg,239,L,187
S1239L03.jpg,239,L,197
S1239L02.jpg,239,L,195
S1239L06.jpg,239,L,203
S1239L07.jpg,239,L,195
S1239L05.jpg,239,L,199
S1239L10.jpg,239,L,201
S1239L04.jpg,239,L,200
S1206R03.jpg,206,R,154
S1206R02.jpg,206,R,165
S1206R01.jpg,206,R,161
S1206R05.jpg,206,R,163
S1206R04.jpg,206,R,136
S1034R01.jpg,034,R,171
S1034R03.jpg,034,R,167
S1034R02.jpg,034,R,152
S1034R05.jpg,034,R,165
S1034R04.jpg,034,R,153
S1033L04.jpg,033,L,172
S1033L05.jpg,033,L,184
S1033L01.jpg,033,L,178
S1033L02.jpg,033,L,171
S1033L03.jpg,033,L,181
S1201L04.jpg,201,L,181
S1201L05.jpg,201,L,146
S1201L02.jpg,201,L,165
S1201L03.jpg,201,L,177
S1201L01.jpg,201,L,168
S1208R01.jpg,208,R,143
S1208L01.jpg,208,L,166
S1208L02.jpg,208,L,182
S1208L03.jpg,208,L,181
S1208L07.jpg,208,L,164
S1208L06.jpg,208,L,164
S1208L04.jpg,208,L,154
S1208L05.jpg,208,L,171
S1005R01.jpg,005,R,165
S1005R02.jpg,005,R,158
S1005R03.jpg,005,R,148
S1005R07.jpg,005,R,175
S1005R06.jpg,005,R,176
S1005R04.jpg,005,R,163
S1005R05.jpg,005,R,163
S1005L01.jpg,005,L,202
S1237R02.jpg,237,R,197
S1237R03.jpg,237,R,177
S1237R01.jpg,237,R,195
S1230R02.jpg,230,R,172
S1230R03.jpg,230,R,178
S1230R01.jpg,230,R,185
S1230R04.jpg,230,R,180
S1230R10.jpg,230,R,182
S1230R05.jpg,230,R,171
S1230R07.jpg,230,R,179
S1230R06.jpg,230,R,182
S1230R08.jpg,230,R,187
S1230R09.jpg,230,R,176
S1002R08.jpg,002,R,156
S1002R09.jpg,002,R,152
S1002R01.jpg,002,R,176
S1002R02.jpg,002,R,135
S1002R03.jpg,002,R,199
S1002R07.jpg,002,R,194
S1002R06.jpg,002,R,157
S1002R10.jpg,002,R,168
S1002R04.jpg,002,R,181
S1002R05.jpg,002,R,160
S1002L09.jpg,002,L,189
S1002L08.jpg,002,L,151
S1002L06.jpg,002,L,161
S1002L07.jpg,002,L,187
S1002L05.jpg,002,L,174
S1002L04.jpg,002,L,187
S1002L10.jpg,002,L,201
S1002L01.jpg,002,L,176
S1002L03.jpg,002,L,192
S1002L02.jpg,002,L,199
S1056L05.jpg,056,L,202
S1056L04.jpg,056,L,202
S1056L03.jpg,056,L,194
S1056L02.jpg,056,L,202
S1056L01.jpg,056,L,193
S1069R06.jpg,069,R,165
S1069R05.jpg,069,R,182
S1069R04.jpg,069,R,185
S1069R01.jpg,069,R,168
S1069R03.jpg,069,R,168
S1069R02.jpg,069,R,186
S1069L01.jpg,069,L,154
S1069L02.jpg,069,L,150
S1069L03.jpg,069,L,159
S1069L07.jpg,069,L,164
S1069L06.jpg,069,L,157
S1069L04.jpg,069,L,168
S1069L05.jpg,069,L,166
S1051R02.jpg,051,R,141
S1051R03.jpg,051,R,144
S1051R01.jpg,051,R,138
S1051R04.jpg,051,R,143
S1051R05.jpg,051,R,140
S1093R01.jpg,093,R,182
S1093R03.jpg,093,R,183
S1093R02.jpg,093,R,178
S1093R06.jpg,093,R,177
S1093R07.jpg,093,R,174
S1093R05.jpg,093,R,194
S1093R10.jpg,093,R,174
S1093R04.jpg,093,R,187
S1093R09.jpg,093,R,156
S1093R08.jpg,093,R,182
S1093L07.jpg,093,L,179
S1093L06.jpg,093,L,179
S1093L04.jpg,093,L,196
S1093L10.jpg,093,L,195
S1093L05.jpg,093,L,182
S1093L01.jpg,093,L,198
S1093L02.jpg,093,L,195
S1093L03.jpg,093,L,203
S1093L08.jpg,093,L,193
S1093L09.jpg,093,L,194
S1067R03.jpg,067,R,169
S1067R02.jpg,067,R,175
S1067R01.jpg,067,R,170
S1067R05.jpg,067,R,158
S1067R04.jpg,067,R,166
S1067R06.jpg,067,R,175
S1067R07.jpg,067,R,189
S1067L04.jpg,067,L,154
S1067L05.jpg,067,L,159
S1067L07.jpg,067,L,152
S1067L06.jpg,067,L,152
S1067L02.jpg,067,L,149
S1067L03.jpg,067,L,144
S1067L01.jpg,067,L,159
S1058R04.jpg,058,R,164
S1058R05.jpg,058,R,167
S1058R01.jpg,058,R,190
S1058R02.jpg,058,R,166
S1058R03.jpg,058,R,173
S1060R03.jpg,060,R,181
S1060R02.jpg,060,R,172
S1060R01.jpg,060,R,186
S1060R05.jpg,060,R,190
S1060R04.jpg,060,R,181
S1060R10.jpg,060,R,184
S1060R06.jpg,060,R,188
S1060R07.jpg,060,R,177
S1060R09.jpg,060,R,187
S1060R08.jpg,060,R,187
S1060L10.jpg,060,L,182
S1060L04.jpg,060,L,181
S1060L05.jpg,060,L,178
S1060L07.jpg,060,L,163
S1060L06.jpg,060,L,188
S1060L02.jpg,060,L,180
S1060L03.jpg,060,L,177
S1060L01.jpg,060,L,177
S1060L08.jpg,060,L,169
S1060L09.jpg,060,L,185
S1094R01.jpg,094,R,197
S1094R03.jpg,094,R,211
S1094R02.jpg,094,R,218
S1094R06.jpg,094,R,217
S1094R07.jpg,094,R,213
S1094R05.jpg,094,R,210
S1094R04.jpg,094,R,208
S1094L07.jpg,094,L,204
S1094L06.jpg,094,L,194
S1094L04.jpg,094,L,174
S1094L05.jpg,094,L,197
S1094L01.jpg,094,L,192
S1094L02.jpg,094,L,199
S1094L03.jpg,094,L,197
S1112R04.jpg,112,R,186
S1112R05.jpg,112,R,179
S1112R07.jpg,112,R,174
S1112R06.jpg,112,R,177
S1112R02.jpg,112,R,153
S1112R03.jpg,112,R,162
S1112R01.jpg,112,R,173
S1112L03.jpg,112,L,170
S1112L02.jpg,112,L,173
S1112L01.jpg,112,L,179
S1112L05.jpg,112,L,171
S1112L04.jpg,112,L,169
S1112L06.jpg,112,L,165
S1112L07.jpg,112,L,163
S1115R04.jpg,115,R,199
S1115R10.jpg,115,R,199
S1115R05.jpg,115,R,183
S1115R07.jpg,115,R,205
S1115R06.jpg,115,R,203
S1115R02.jpg,115,R,184
S1115R03.jpg,115,R,195
S1115R01.jpg,115,R,175
S1115R08.jpg,115,R,203
S1115R09.jpg,115,R,199
S1115L03.jpg,115,L,168
S1115L02.jpg,115,L,212
S1115L01.jpg,115,L,154
S1115L05.jpg,115,L,168
S1115L10.jpg,115,L,215
S1115L04.jpg,115,L,157
S1115L06.jpg,115,L,160
S1115L07.jpg,115,L,213
S1115L09.jpg,115,L,207
S1115L08.jpg,115,L,213
S1123R05.jpg,123,R,179
S1123R04.jpg,123,R,171
S1123R06.jpg,123,R,180
S1123R07.jpg,123,R,174
S1123R03.jpg,123,R,176
S1123R02.jpg,123,R,171
S1123R01.jpg,123,R,173
S1123L02.jpg,123,L,166
S1123L03.jpg,123,L,173
S1123L01.jpg,123,L,130
S1123L04.jpg,123,L,168
S1123L05.jpg,123,L,174
S1123L07.jpg,123,L,178
S1123L06.jpg,123,L,178
S1124R05.jpg,124,R,179
S1124R04.jpg,124,R,171
S1124R06.jpg,124,R,173
S1124R07.jpg,124,R,178
S1124R03.jpg,124,R,161
S1124R02.jpg,124,R,165
S1124R01.jpg,124,R,179
S1124L02.jpg,124,L,167
S1124L03.jpg,124,L,182
S1124L01.jpg,124,L,167
S1124L04.jpg,124,L,181
S1124L05.jpg,124,L,161
S1124L07.jpg,124,L,172
S1124L06.jpg,124,L,177
S1184R05.jpg,184,R,183
S1184R04.jpg,184,R,182
S1184R03.jpg,184,R,191
S1184R02.jpg,184,R,188
S1184R01.jpg,184,R,200
S1170R06.jpg,170,R,196
S1170R07.jpg,170,R,187
S1170R05.jpg,170,R,172
S1170R04.jpg,170,R,176
S1170R01.jpg,170,R,168
S1170R03.jpg,170,R,165
S1170R02.jpg,170,R,135
S1170L01.jpg,170,L,178
S1170L02.jpg,170,L,166
S1170L03.jpg,170,L,178
S1170L07.jpg,170,L,173
S1170L06.jpg,170,L,153
S1170L04.jpg,170,L,153
S1170L05.jpg,170,L,142
S1170L08.jpg,170,L,166
S1177R01.jpg,177,R,186
S1177R03.jpg,177,R,168
S1177R02.jpg,177,R,185
S1183R05.jpg,183,R,191
S1183R04.jpg,183,R,174
S1183R06.jpg,183,R,174
S1183R03.jpg,183,R,170
S1183R02.jpg,183,R,167
S1183R01.jpg,183,R,167
S1183L01.jpg,183,L,168
S1148R02.jpg,148,R,181
S1148R03.jpg,148,R,179
S1148R01.jpg,148,R,181
S1148R04.jpg,148,R,172
S1148R05.jpg,148,R,195
S1148R07.jpg,148,R,190
S1148R06.jpg,148,R,194
S1148L05.jpg,148,L,184
S1148L04.jpg,148,L,192
S1148L06.jpg,148,L,191
S1148L07.jpg,148,L,204
S1148L03.jpg,148,L,168
S1148L02.jpg,148,L,181
S1148L01.jpg,148,L,189
S1141R06.jpg,141,R,191
S1141R04.jpg,141,R,209
S1141R05.jpg,141,R,191
S1141R01.jpg,141,R,184
S1141R02.jpg,141,R,187
S1141R03.jpg,141,R,188
S1141L01.jpg,141,L,188
S1141L03.jpg,141,L,199
S1141L02.jpg,141,L,192
S1141L06.jpg,141,L,205
S1141L05.jpg,141,L,189
S1141L04.jpg,141,L,180
S1146R07.jpg,146,R,183
S1146R06.jpg,146,R,189
S1146R04.jpg,146,R,194
S1146R05.jpg,146,R,191
S1146R01.jpg,146,R,191
S1146R02.jpg,146,R,178
S1146R03.jpg,146,R,190
S1146L01.jpg,146,L,182
S1146L03.jpg,146,L,175
S1146L02.jpg,146,L,169
S1146L06.jpg,146,L,174
S1146L07.jpg,146,L,185
S1146L05.jpg,146,L,179
S1146L04.jpg,146,L,175
S1179R09.jpg,179,R,186
S1179R08.jpg,179,R,186
S1179R03.jpg,179,R,189
S1179R02.jpg,179,R,180
S1179R01.jpg,179,R,173
S1179R05.jpg,179,R,158
S1179R04.jpg,179,R,162
S1179R10.jpg,179,R,188
S1179R06.jpg,179,R,158
S1179R07.jpg,179,R,177
S1179L08.jpg,179,L,179
S1179L09.jpg,179,L,178
S1179L10.jpg,179,L,171
S1179L04.jpg,179,L,162
S1179L05.jpg,179,L,185
S1179L07.jpg,179,L,177
S1179L06.jpg,179,L,177
S1179L02.jpg,179,L,170
S1179L03.jpg,179,L,163
S1179L01.jpg,179,L,169
S1125R07.jpg,125,R,196
S1125R06.jpg,125,R,177
S1125R04.jpg,125,R,169
S1125R10.jpg,125,R,203
S1125R05.jpg,125,R,192
S1125R01.jpg,125,R,160
S1125R02.jpg,125,R,209
S1125R03.jpg,125,R,182
S1125R08.jpg,125,R,206
S1125R09.jpg,125,R,193
S1125L01.jpg,125,L,197
S1125L03.jpg,125,L,178
S1125L02.jpg,125,L,199
S1125L06.jpg,125,L,192
S1125L07.jpg,125,L,205
S1125L05.jpg,125,L,172
S1125L10.jpg,125,L,205
S1125L04.jpg,125,L,178
S1125L09.jpg,125,L,194
S1125L08.jpg,125,L,204
S1122R07.jpg,122,R,163
S1122R06.jpg,122,R,169
S1122R04.jpg,122,R,159
S1122R05.jpg,122,R,159
S1122R01.jpg,122,R,174
S1122R02.jpg,122,R,175
S1122R03.jpg,122,R,157
S1122L01.jpg,122,L,186
S1122L03.jpg,122,L,183
S1122L02.jpg,122,L,179
S1122L06.jpg,122,L,177
S1122L07.jpg,122,L,168
S1122L05.jpg,122,L,176
S1122L04.jpg,122,L,174
S1114R06.jpg,114,R,186
S1114R07.jpg,114,R,180
S1114R05.jpg,114,R,176
S1114R04.jpg,114,R,183
S1114R01.jpg,114,R,162
S1114R03.jpg,114,R,173
S1114R02.jpg,114,R,185
S1114L01.jpg,114,L,194
S1114L02.jpg,114,L,146
S1114L03.jpg,114,L,193
S1114L07.jpg,114,L,189
S1114L06.jpg,114,L,195
S1114L04.jpg,114,L,182
S1114L05.jpg,114,L,183
S1113R06.jpg,113,R,180
S1113R07.jpg,113,R,173
S1113R05.jpg,113,R,174
S1113R04.jpg,113,R,172
S1113R01.jpg,113,R,183
S1113R03.jpg,113,R,176
S1113R02.jpg,113,R,185
S1113L01.jpg,113,L,164
S1113L02.jpg,113,L,167
S1113L03.jpg,113,L,187
S1113L07.jpg,113,L,180
S1113L06.jpg,113,L,185
S1113L04.jpg,113,L,183
S1113L05.jpg,113,L,182
S1147R05.jpg,147,R,177
S1147R04.jpg,147,R,178
S1147R03.jpg,147,R,180
S1147R02.jpg,147,R,173
S1147R01.jpg,147,R,174
S1178R01.jpg,178,R,152
S1178L06.jpg,178,L,137
S1178L05.jpg,178,L,159
S1178L04.jpg,178,L,159
S1178L01.jpg,178,L,168
S1178L03.jpg,178,L,129
S1178L02.jpg,178,L,151
S1140R05.jpg,140,R,188
S1140R04.jpg,140,R,184
S1140R06.jpg,140,R,175
S1140R07.jpg,140,R,170
S1140R03.jpg,140,R,169
S1140R02.jpg,140,R,173
S1140R01.jpg,140,R,160
S1140L02.jpg,140,L,180
S1140L03.jpg,140,L,195
S1140L01.jpg,140,L,188
S1140L04.jpg,140,L,178
S1140L05.jpg,140,L,187
S1140L07.jpg,140,L,193
S1140L06.jpg,140,L,194
S1182R08.jpg,182,R,191
S1182R09.jpg,182,R,192
S1182R07.jpg,182,R,196
S1182R06.jpg,182,R,196
S1182R04.jpg,182,R,174
S1182R10.jpg,182,R,206
S1182R05.jpg,182,R,204
S1182R01.jpg,182,R,164
S1182R02.jpg,182,R,208
S1182R03.jpg,182,R,194
S1182L09.jpg,182,L,177
S1182L08.jpg,182,L,146
S1182L01.jpg,182,L,179
S1182L03.jpg,182,L,181
S1182L02.jpg,182,L,182
S1182L06.jpg,182,L,157
S1182L07.jpg,182,L,199
S1182L05.jpg,182,L,170
S1182L04.jpg,182,L,167
S1176L03.jpg,176,L,173
S1176L02.jpg,176,L,174
S1176L01.jpg,176,L,174
S1176L05.jpg,176,L,174
S1176L04.jpg,176,L,174
S1176L06.jpg,176,L,174
S1176L07.jpg,176,L,176
S1176L08.jpg,176,L,177
S1149R01.jpg,149,R,164
S1149R03.jpg,149,R,164
S1149R02.jpg,149,R,164
S1149R06.jpg,149,R,167
S1149R07.jpg,149,R,172
S1149R05.jpg,149,R,161
S1149R04.jpg,149,R,169
S1149L07.jpg,149,L,175
S1149L06.jpg,149,L,176
S1149L04.jpg,149,L,176
S1149L05.jpg,149,L,173
S1149L01.jpg,149,L,175
S1149L02.jpg,149,L,175
S1149L03.jpg,149,L,178
S1171L03.jpg,171,L,155
S1171L02.jpg,171,L,154
S1171L01.jpg,171,L,148
S1171L05.jpg,171,L,131
S1171L04.jpg,171,L,157
S1185L01.jpg,185,L,177
S1185L03.jpg,185,L,170
S1185L02.jpg,185,L,166
S1185L06.jpg,185,L,152
S1185L05.jpg,185,L,180
S1185L04.jpg,185,L,182
